correct_red,correct_green,correct_blue,rotten_red,rotten_green,rotten_blue,len_correct_part,len_rotten_part,class_fruit
102.1453098,71.65021995,60.07635594,198.5252603,166.3342733,132.8527726,821558,357782,D
108.1203456,72.05585899,42.0500567,179.3900829,153.5567053,93.62047147,614371,372130,D
130.2379852,96.82965447,55.39123829,192.4646458,175.4314636,99.66810409,423478,188946,D
129.8621731,96.98918761,56.6452067,192.2075144,175.2799963,102.5961842,370300,172199,D
131.4821077,97.97568705,67.41196567,188.6533178,172.5982435,110.9554188,1457828,688407,D
133.3866723,99.87700051,70.08804212,191.3498135,175.7177747,116.845858,1564476,716238,D
109.1275956,70.42554533,56.37528971,188.0801359,173.8277104,118.7472315,1480771,608477,D
114.7189589,74.43967442,58.42120417,188.5513147,174.8357057,118.5183925,1595475,621650,D
110.010986,76.46948237,65.86885744,190.0226555,157.1111311,135.5640258,1683878,698274,D
105.7126672,73.06223366,63.69478052,185.3659769,152.8898452,132.8355198,1692099,690291,D
91.88119851,68.54748304,57.64838548,199.052899,190.4656057,146.703516,1068320,723763,D
86.61348801,63.54521775,53.70734902,197.2249389,188.1638003,144.7554649,955565,680373,D
100.0107284,64.47037136,54.47875609,193.5436703,157.1364895,135.5427139,2072800,671467,D
112.3972097,76.79688442,66.9423068,188.8601013,159.5124892,147.2484878,3001111,1115735,D
112.8350209,77.82970532,67.54050461,188.7716579,160.0063187,147.6908037,3020345,1093246,D
128.3046048,95.70154975,68.61519181,179.4445968,156.5016182,136.6263506,2967564,1298411,D
101.2467351,73.29775647,61.05445184,197.4515693,187.0157357,148.2080457,1934368,1065653,D
101.7065327,74.34713312,61.25231593,198.0745765,188.2099147,147.9933389,1982017,1063575,D
98.14213906,70.39667327,59.02661737,195.0691823,184.1990335,145.7432338,1974176,1067635,D
112.5234404,68.12788018,53.26812953,186.7689398,181.1905749,138.8161747,1956433,648284,D
112.3031056,68.1001481,53.41007111,186.708033,181.0338196,138.9942512,1970818,649171,D
112.3915202,68.21228542,52.09814191,186.7126229,181.4953231,136.7231143,1955657,655095,D
107.3733206,63.53171376,47.12833478,193.2317935,162.1486,114.287084,1791511,1309911,D
109.3021061,64.18714593,47.72956415,194.8821886,163.1843006,116.1279881,1797231,1313061,D
108.9198559,64.69602087,47.69618296,194.6294055,163.853408,115.282283,1784118,1311298,D
125.7482768,85.93785938,61.14222391,182.7806024,167.2366751,120.5912957,1821776,823317,D
126.2307307,86.67537288,61.22938502,182.5960224,167.5261747,119.9476663,1824207,827622,D
126.359908,86.23707903,60.7293936,182.9321616,167.0694168,118.8588629,1836018,822028,D
129.0206032,86.63290736,51.58001239,199.7244161,186.724263,122.2657368,1783489,1035224,D
129.523973,85.5645669,51.61484227,200.2271276,185.9014296,122.5300393,1773672,1025457,D
129.4702787,85.88303536,51.1235213,200.1548517,186.2605249,121.2018402,1760648,1023753,D
129.3894195,85.97881299,51.29012635,200.2636574,186.4871526,122.3110948,1781362,1023162,D
111.5574256,86.11048787,44.70007821,184.3757625,175.9623706,105.7318021,1218396,1385863,D
112.0651576,75.57957807,67.83287676,200.7676799,168.5677461,150.0740278,2881826,1110735,D
112.3674075,76.10481795,68.00194451,201.2740741,168.7073777,150.281493,2899546,1096838,D
112.0504229,75.95955693,67.73416014,200.5433268,168.5287081,150.4282402,2902079,1099981,D
110.3733329,66.92082029,51.03096741,190.3333246,185.6538191,135.9615713,1747298,612402,D
111.1752898,67.58624779,52.03378123,190.4731794,184.9321434,136.6322404,1753490,612620,D
110.3269676,66.88026296,51.66016137,189.7694907,184.9549628,136.9258647,1737279,607322,D
121.0273411,84.30567369,59.68777175,190.8175085,177.1381887,126.4134031,1892849,1046679,D
122.0108875,85.2796255,59.11107705,191.5072244,178.7015996,128.1829935,1916701,1048674,D
121.7452595,85.39856983,58.73077893,190.8827281,179.028274,127.5366547,1914378,1047282,D
121.6413534,82.56297509,68.75696213,213.3024254,177.0949248,147.9414987,3186455,1094911,D
120.7307949,82.45654922,68.20906408,212.9470147,176.9657478,147.753791,3191182,1086857,D
120.7491429,82.37267471,68.30856918,212.3455326,176.5616401,147.2520133,3141414,1082200,D
93.05425951,62.65694331,53.61702566,169.9453519,137.5387434,102.1347119,1987691,1256604,D
93.80166936,63.35073346,53.85883498,170.7236534,138.0662399,102.0974524,2008823,1246670,D
94.50840225,63.75750325,54.50946861,171.499638,139.0212236,103.5129961,2024076,1245747,D
139.4770545,101.8073631,56.46905073,208.6197527,180.5318915,136.3152012,2486381,1110609,D
138.0196758,100.7431816,55.68555106,207.0612316,179.1357585,134.821201,2466302,1093546,D
137.4133338,100.2483639,55.84842826,207.7040121,179.2513638,134.7415315,2437210,1085959,D
120.3039755,83.83777932,57.41725894,186.3412713,170.2007367,118.4403007,2185369,605587,D
120.3708633,84.59524751,58.05238866,186.5185801,170.9046368,118.7088785,2175383,590264,D
120.3399932,84.66477693,58.48798143,186.4093334,171.0726259,119.4428741,2175043,589431,D
120.4191195,84.38549846,57.79017792,186.5480425,170.6724133,118.2792503,2165902,586218,D
120.1764794,84.17591218,57.84192219,186.2795123,170.419853,119.008508,2132691,591538,D
125.7675958,102.7323072,55.91776278,198.7055547,185.8597034,124.1493102,2438357,1129942,D
124.9098209,102.3381213,55.48817507,198.0891937,185.3736083,122.9138522,2432810,1147914,D
125.2674712,102.7243069,55.52107886,198.5336131,185.8678857,123.3084816,2441116,1142592,D
121.8668452,83.43756923,53.28445395,197.6093853,184.1451386,118.8159783,2344206,1253208,D
122.0943605,82.30130421,50.33528691,197.798906,185.2198489,122.0064967,2196374,1256652,D
99.27871882,63.11878066,33.53273001,195.0684685,180.7906419,109.4392313,1432055,942707,D
100.256451,63.71237807,33.71015877,195.8008419,180.9177035,108.9081015,1459951,959601,D
97.57127244,77.31164901,65.66933208,190.7539841,179.4351939,129.6732193,1729649,1333454,D
82.28360253,64.37486571,54.08196826,174.7898791,163.2155787,113.1360024,1622834,1326483,D
81.80009319,64.08718493,53.68326111,175.8181207,164.0147165,114.17554,1620678,1328910,D
62.90083201,46.90165036,37.59737839,174.3856617,161.6222196,109.8138692,1252551,1076996,D
61.99870046,46.38663226,37.05396853,174.1317452,161.6311284,109.7722863,1277366,1085126,D
61.70873186,45.77509596,36.60808478,173.8425833,161.1911489,109.0763783,1259951,1074485,D
129.8822026,85.56443678,63.03765038,196.9877018,167.1661165,128.9594791,3137037,665358,D
129.8044047,86.1149057,63.6665862,197.2727964,167.8014044,129.2104012,3178221,656136,D
129.8529918,86.53105637,64.0133748,196.9986575,167.9251408,129.5672083,3081299,640762,D
129.5611621,86.60470768,63.91091952,196.2890122,167.8189049,129.5683836,3050998,636459,D
129.5310906,86.23758666,63.93350285,196.1103068,167.3339573,128.9417786,3047023,641434,D
129.5651522,86.32376298,63.57820223,196.1937986,167.1445802,128.4164747,3026549,644386,D
129.8965437,86.19071501,63.73795179,196.3080605,167.0779305,128.3501853,3003130,638344,D
129.9698373,85.97217507,63.34486152,196.4728931,167.2701258,129.0027943,2985750,651847,D
144.5849505,96.2037547,53.71377657,216.6231841,177.7166581,125.7002834,1083932,671769,D
144.4173253,96.12838852,53.56422902,216.6850739,177.1920293,124.7950062,1079612,664699,D
135.0858077,86.94359505,48.12071587,217.4707052,176.4644525,121.6779042,1328502,849630,D
135.8810589,87.55931433,48.29820935,217.5348814,176.7193417,122.0185445,1317084,845643,D
135.2675302,86.9461969,47.58109946,216.6653131,175.8779581,120.9054356,1310057,834935,D
107.7936113,70.27846761,50.68974464,198.3202809,197.4165489,136.7522277,1394559,507741,D
108.3724643,71.16082455,51.12689754,198.6895444,198.1804583,137.2667474,1394852,503643,D
108.1363495,71.47662558,51.4830069,199.0066581,197.782526,137.1633843,1396022,502925,D
108.3687193,71.44844763,51.56766994,199.0633116,197.6685284,137.7387386,1395097,501595,D
108.7025919,71.62244458,51.59165961,199.2823723,197.783428,137.7985948,1409551,508575,D
125.5212577,88.58939222,65.65195414,233.6914749,206.6619685,148.3897111,1445075,551810,D
115.5912418,81.91491822,58.28367097,239.9516849,219.172081,162.7870986,1471335,586643,D
116.9187829,81.44237075,58.08229938,239.801109,219.1005461,163.8582805,1489165,574457,D
103.0595021,68.04210297,48.27866855,225.5225424,203.972659,132.4087627,1635243,591165,D
111.4739944,75.4769176,53.37079545,233.8641416,213.208275,149.5382092,1836335,652354,D
161.3541983,111.8563673,42.61835803,205.5877202,185.4174395,116.6604462,1594053,398884,D
155.8647777,107.1550412,42.05443643,201.2340927,181.140844,120.6757888,1645510,419941,D
153.8182782,106.9686025,43.00981468,199.9665992,180.8804607,119.0605908,1674244,412492,D
155.4017983,108.5229839,42.6198928,201.5093401,182.1214277,122.3155044,1701472,414046,D
155.4846621,108.7413514,42.37573273,200.4791967,181.0615396,121.0397824,1857157,440396,D
129.8488354,70.17179282,39.5527086,214.3939201,180.385543,88.77231576,815523,994273,D
131.3149088,70.78475088,41.57614908,209.8093832,174.9179009,82.02383908,820902,1050986,D
128.0532552,68.22538854,40.97771444,204.8363409,169.6252778,78.6624737,782627,1024694,D
132.3860151,80.63205589,42.65078321,210.263779,180.7310818,90.97097544,777244,857150,D
141.3829339,87.31813407,35.99619525,193.6773026,171.4776618,102.4835282,1370120,444741,D
137.1588956,86.55414671,36.60504014,184.7020491,162.3295651,92.25293762,1350784,471737,D
140.3109342,89.65097773,37.90958287,189.7558166,169.4653961,99.52819693,1328018,417977,D
131.8654123,81.98604383,33.61200439,180.6080248,158.6367213,88.90819785,1258597,418686,D
172.2861547,143.9596696,62.4642225,99.64223903,88.21814412,78.591598,1241996,796204,D
177.6299111,149.162549,63.09543437,106.0195358,95.46280844,85.16664663,1199386,813226,D
177.1570555,148.7313976,62.7729748,105.9116474,95.88717005,85.52623956,1175445,808888,D
176.6330619,145.0375298,47.79602099,119.1976437,109.5593427,100.6791606,1068710,959677,D
173.2594797,141.6328414,45.38971637,122.428836,112.9758876,104.9723271,1114575,953069,D
166.5150806,133.9073867,41.71926144,128.1401099,123.9132069,115.6811315,1195008,776491,D
164.8291984,133.8914508,43.66583934,130.9430138,126.9071008,118.8091729,1143699,727159,D
149.14072,121.1740207,48.59325046,181.1114414,161.6935196,109.1093479,1267112,541684,D
144.9092898,118.3494602,50.80858698,181.5674689,162.241287,104.9409343,1269882,576849,D
144.3713683,117.9296547,51.23948814,183.001735,163.0743033,102.8939261,1358761,623696,D
142.9949506,116.8243603,52.01013019,181.8924522,162.0425671,102.2853775,1649499,761373,D
163.4997129,144.4554649,44.3970211,203.5332138,194.3396268,95.18512198,1332580,731808,D
161.0287413,142.9125324,45.6236756,201.6385809,192.4227776,94.42766768,1298822,737560,D
160.2929282,142.7129373,44.75984457,201.2799709,192.1218162,95.1654955,1379638,796210,D
162.2629732,145.0423373,49.15392902,203.619138,194.225401,96.81795144,1521467,958378,D
161.8530763,142.2956113,46.22377301,202.9475385,195.0566804,102.6336991,1328895,771006,D
158.5598556,139.1040859,45.82668794,203.962074,196.245097,103.45496,1510009,886804,D
152.254863,129.8688051,46.91585345,199.9308886,192.0826696,109.4851211,1524630,980632,D
109.105229,61.30349754,37.32352436,196.4973361,185.7255966,112.8768308,961478,449870,D
113.6453544,67.98642447,41.60651773,196.6989833,184.2952677,110.1974458,1086437,620793,D
121.0832387,74.67876989,47.62529818,208.3030707,198.998459,129.9505776,1450819,584898,D
109.4941316,67.04418815,45.91982857,190.2844664,179.8865513,111.0685122,1470363,697306,D
102.0071373,64.45453902,40.94689007,184.0625423,177.4617456,108.6472097,1710482,701653,D
113.8406451,74.93709158,47.31680867,188.8379007,181.9967606,110.4859797,1903753,764370,D
116.1215546,77.85736012,46.54410528,191.7024863,184.5923615,115.178421,1869602,665472,D
115.6065782,64.24008651,31.9754946,208.5566886,122.9091086,41.72790381,313595,1328187,D
115.171743,64.61122248,32.98383037,209.1899313,124.1041786,42.88577711,340168,1317790,D
119.5012062,66.91985089,35.5082386,210.2484281,127.1973812,44.05633737,712963,1700290,D
122.8053598,67.24780985,33.53403064,210.6120472,130.5772972,46.99349508,1025498,1754574,D
122.8967142,67.27711847,33.81071938,209.6698661,130.6144577,46.99730257,1215196,1920582,D
125.7603632,67.06002316,31.47155493,211.0980844,133.5810829,49.47472543,1484366,1795441,D
125.5086243,65.77670315,30.15963568,212.2111502,134.7713737,50.59079658,1610890,1743134,D
120.5760783,60.80595249,26.65857949,208.5725207,131.8736828,48.55651122,1520908,1450065,D
127.6508002,65.9331502,28.53592252,215.7046497,139.3269966,51.90839419,1546696,1276198,D
127.0519455,64.73242046,28.13213888,213.4851771,137.2174185,51.07003084,1826146,1483469,D
127.8567424,62.87401493,30.67543546,205.9868503,117.6200861,45.22402304,406181,1597843,D
126.8010172,61.99279937,31.23755613,206.6799686,118.3646586,45.97769193,479806,1632221,D
127.2423527,61.47611062,31.3806449,207.0056431,119.3759134,47.86225663,611503,1632937,D
160.0448267,211.6818753,100.6252923,173.2352973,97.17227669,41.01574839,1103723,2368753,D
115.4069254,53.77408367,28.33579695,196.1827664,111.9439939,48.28467455,924222,1797382,D
115.9457303,53.4493156,27.4231634,196.326139,112.211312,48.52275732,909403,1938074,D
114.1646354,52.30838573,27.59606918,197.7793112,113.0478984,48.54593198,919807,2172937,D
135.1720888,79.45232313,37.37747359,208.1195875,137.6719977,60.58051045,943861,1456077,D
134.9209052,79.20669243,37.13344595,207.5833275,137.2166644,60.30556911,928409,1461204,D
134.611887,79.35180798,37.38133456,207.6844676,137.3538649,60.68505741,931791,1466204,D
134.8742315,79.48051699,37.55209865,207.755131,138.0765324,60.58434241,919786,1457533,D
140.0113094,86.07404658,40.44183683,213.914761,145.8728908,62.84729801,982666,1399762,D
148.432648,96.21925995,44.28429164,221.1305547,155.4743825,69.67817789,1180392,1363427,D
140.7541767,90.81251032,41.34622293,214.2200567,147.6720065,63.88267313,1134298,1339055,D
141.9885333,88.7395014,38.07479907,214.1920935,149.6908815,64.38705332,1328237,1307534,D
141.9688114,88.44275332,37.90227233,214.4060136,149.3641765,64.26487,1329590,1325773,D
140.5000232,87.62024799,37.47048696,213.1320957,148.1594465,63.37918017,1316628,1312577,D
140.5816364,87.03003009,36.80253923,212.9126482,147.5222131,62.86816041,1341527,1344668,D
140.2837028,87.00876847,36.39463833,213.1087792,147.575972,62.67191615,1352378,1363271,D
140.2148521,86.88572443,36.75759515,212.8815414,147.7135921,63.87124003,1360981,1370857,D
140.0143128,87.35613187,37.50846961,212.9174967,148.9202842,64.20729579,1354987,1361754,D
139.0207347,86.31937012,36.11501523,211.1499494,146.9133485,62.15943856,1326486,1339133,D
127.0778621,82.2435079,38.03242745,201.961025,145.6889039,67.37683352,1438706,886059,D
127.4553531,82.8326478,38.62584736,200.8781589,144.7175446,66.60096919,1413951,901617,D
126.7743685,82.72383801,38.61786933,200.7705488,144.6215924,67.26568753,1442623,890490,D
127.8636784,82.8189045,38.02826603,200.5893765,144.8890432,66.14415721,1449553,887541,D
127.8568633,83.24288387,38.0070066,200.1534082,144.2628002,65.92276337,1463967,885269,D
128.2072194,83.34578942,38.37905249,199.7775674,143.3737901,65.96211675,1495542,893504,D
128.8174863,83.66065536,37.81225795,199.8327247,143.5322033,65.11130329,1508705,912083,D
129.127225,83.88834355,37.39748834,200.1942613,143.5501229,64.12955073,1504910,909762,D
128.6455731,83.77167726,37.9537782,199.4138446,142.8186709,64.14594932,1512785,935235,D
109.76092031859483,85.58065448773858,45.04092045045016,181.9764061504745,174.27239419735997,105.12136329348542,1200981,1371963,C
152.36110435305955,123.97395195823155,57.11159795887679,206.78553347069703,180.6773015161084,95.13770551162625,1311695,2419748,C
153.0172051924282,124.62051358944211,57.19725568414661,206.71632442601776,180.71192969093175,95.27397922685168,1306785,2404919,C
151.994978518258,123.39833297062034,56.770467883922166,205.28900023168768,179.00835532027764,93.91991976712477,1301757,2417827,C
147.170121988766,119.26197195747844,56.82082206519294,206.03321191933165,179.45088117101017,94.81332978604762,1263108,2599382,C
152.29094589964282,118.21425596298401,48.59093003435814,209.13608438882693,164.20727549208547,84.66178846241,1316343,1852677,C
154.24410083010932,119.94965341909555,49.51156563453117,210.99345263183218,165.6521381404992,85.50398585185879,1296929,1790823,C
153.64219304643177,119.84372854846347,48.61726207205871,210.897617542889,165.89857880099564,85.21815230615714,1303777,1802451,C
147.64990556923019,105.56637810692908,46.68640743474424,209.404157760974,162.10961142003367,97.10022066604232,1903489,2108654,C
151.49623343260816,108.65310951220614,47.6330057793194,212.25438187830287,165.8751037247643,102.01707537389761,2009257,2029179,C
151.81160367831012,108.35229197560312,47.19714486383067,212.10960195862324,165.37265573052233,101.8482816423868,2021979,2018117,C
140.0780477503162,80.09267725051637,37.97262649636591,205.31102487272562,150.6369769611962,97.76708616505306,1377540,945852,C
133.92493503308722,75.2086486753447,41.73056913713106,196.34357649888653,151.39159503556027,95.86460679685867,1810403,1058679,C
134.52852849969926,75.10797225836335,41.708876039791726,194.26501842743392,149.63801589163484,93.9179379899919,1820858,1063131,C
134.92558151137365,75.26464927939074,41.27293530449569,196.3548628505742,151.1776898851242,94.36090910340934,1819681,1068640,C
143.1007264778199,93.9643159341475,46.2536757273903,206.15985286171164,173.6195374460193,97.86584272779714,969562,1515735,C
142.4135607936685,93.53178234478794,46.003165632831426,206.1392190379445,173.89145981647556,98.30282074540797,977699,1500507,C
138.9761208088007,90.26662652875916,44.88335340121663,206.2104873165937,173.95212470424215,98.33099082865078,996329,1517860,C
138.80542315150416,90.35600803202978,44.83988178340158,207.39607196213578,174.76196604461444,99.38571783134354,1005307,1529233,C
138.75062211942173,90.4702664176341,44.78938141803401,207.6396897661447,174.82434713527172,99.06021831130585,1003931,1527837,C
138.88093958690035,90.36042644542826,44.556777240874425,208.17515581544058,175.6651497677812,100.37808480011094,1016765,1529101,C
136.90058389042787,90.27784317250817,45.98832676265057,194.905272129311,168.67007333193058,102.84738874235744,2203363,2111396,C
137.08859121168285,90.79379081453469,46.099768371555186,194.9134886551428,168.7418106403453,102.55976421237162,2179797,2103859,C
137.14737248383733,91.50906849603722,46.42589044706323,195.56939622313303,168.8903433294627,102.23368201047425,2220463,2146860,C
137.66537563512702,92.34635621284596,47.26807322912941,195.0366078297465,169.59697458653054,102.64648995992151,2209750,2140888,C
151.2094639013076,104.13095689373596,50.14914901335781,213.35297091296172,185.23626643183584,118.30304116546306,2144874,1067778,C
151.1149822742233,104.0939287986034,49.8023435293113,212.648258336108,185.20085495165182,118.19133778050718,2132990,1043027,C
151.29869419140283,104.33716101264368,50.01790215742798,212.63014233440913,185.16246847113214,118.14873341130607,2115681,1031914,C
150.69597712516068,104.15359769522851,50.00994868881591,212.2221137622514,184.3631752714579,117.28742384205437,2095565,1029726,C
128.9031641584226,90.79568220517287,43.880237204991495,199.00348822651364,171.9504746989802,92.36598651393476,1773556,1948231,C
129.27433946789586,91.37125131171616,44.02107894553778,198.7861138902244,172.63176361675397,91.82173873551618,1749034,1865845,C
128.8388920015251,90.52735691103504,43.75335096156688,199.051300203771,172.62102333670202,91.66339856232541,1728257,1895184,C
128.50260392499317,90.47785346959972,43.858862174667436,199.65625404906336,172.9823075171783,92.18179537156519,1731726,1899302,C
141.7568097138886,98.85243083523564,38.019621953173356,208.46123438973842,183.22367283120263,113.27918130015902,1903080,1527898,C
146.2711910451042,79.47573741125659,42.321010543496726,211.2281721891622,160.56033578079885,103.15067925705078,2078013,1381791,C
146.54079074471167,79.72554367157993,42.34744910848155,210.90873193906702,160.18013703939226,102.64345331174772,2081654,1374633,C
146.94966061684286,80.04820149297868,42.17571055496068,210.65398041740931,159.8687741420939,102.44237866416466,2084304,1367939,C
146.75529113984194,79.85744389309406,42.544683105129536,210.43065556889954,159.71819041531396,102.8406303702403,2080374,1368739,C
147.23571124079763,79.92456889779159,42.47534062933636,210.7331669472698,159.72441972266185,102.42709367529864,2079621,1377881,C
151.29754696545416,103.66188824802823,47.787443797164926,207.79790186016191,158.39736585649266,91.87515877406115,1548791,1399536,C
151.0863592321072,103.89302507867825,47.945667257788045,207.87455142305345,158.40020884051455,92.01065720423765,1534127,1402562,C
151.33939139278374,103.97789532417382,47.744864111166606,207.6711063349143,158.58583418449305,91.69926985271853,1538142,1402978,C
156.96326599333955,104.15050843721653,61.1809938986325,203.5347517127055,156.1378301020442,95.72133500376772,2362879,2007614,C
151.38529737255558,103.21611301360252,55.30699695171742,204.35694840649825,158.78262430961462,106.61694465590334,3319885,1676008,C
150.68983745462305,102.62314452408029,55.85202478985775,201.98036408037632,156.8155379558176,104.80295862705856,3459559,1776975,C
145.3701485153356,98.05728000369757,52.7893448597439,198.95738410343867,152.64088633787327,99.77312380519658,3418271,1892730,C
146.84403047899545,82.60486288562493,43.20843985386097,216.38293708042332,164.45205946590832,103.9299387286076,2157228,1571136,C
147.12436246563175,82.40509655936293,42.86382970867258,215.95431622093528,164.14505831978295,102.80370361758418,2151120,1570784,C
147.49931419423532,82.99916008501371,42.93588956304413,216.44455981749957,164.5855184735475,102.9581185461442,2115059,1539456,C
147.3115358308496,82.76625645511506,42.479814745366674,216.2400077326244,164.2158071721091,102.86921501550118,2111445,1527649,C
147.402418408883,82.6072043563913,41.80625638812256,216.27190382637448,164.44724779948336,103.61397886103046,2109452,1528501,C
147.88719232983092,70.94247967758517,48.81893517199347,215.788405498646,160.42523430577668,122.74961042969917,2569076,1109101,C
146.49578240533015,111.87440012398714,49.75496560968432,207.27772418210344,189.30177734670886,120.00864485890918,1793733,1078921,C
146.50198912384178,112.18158973738015,49.9419893278501,207.22346776685998,189.26852899232915,119.45666865427484,1781539,1075780,C
144.85947118823304,110.64214479943246,51.41252171392716,205.05964286281755,186.97484108735932,117.24890393566768,1669360,981658,C
110.09534655660335,78.94454041062565,46.92849201604578,182.4934968115603,156.66883426141158,91.7404646795309,1425436,1229989,C
109.71262270997954,78.79616086001634,46.70589795680411,182.50507499635228,156.47132209846978,90.80926375064182,1410837,1226204,C
110.29717074991817,78.891326763118,47.048152833983565,182.82083598088693,156.98450801019146,92.34597908890433,1419764,1220487,C
123.44170930619487,89.0233592288703,53.317812841781326,195.00142671077597,168.72364467303936,100.17522398569866,1716618,1522406,C
115.15958800621358,79.92912904400359,41.171342719400855,200.0522731814931,167.4286564200595,99.13673378548478,1655300,976053,C
113.41755896511545,78.91793378509001,40.68576751912988,195.81575702428367,163.603873304976,96.2256836262952,1647220,975806,C
113.84907806512436,79.210219951824,41.06788789382905,196.4960832022814,164.67512327345182,97.35522042458145,1629845,977988,C
115.25608975974211,80.37414738322427,41.5023878157204,202.5608650845518,170.31726226626637,102.63704394549744,1627538,974201,C
115.33512445056877,80.82716395399763,42.58351444258399,199.22839545471567,167.3065518855027,99.84443152542818,1630220,948255,C
127.14453572159465,89.56053296916444,47.359804666574874,201.68736521724435,182.23489525494614,128.49747330199193,1418985,769307,C
124.8997465365272,88.17049124707495,45.836755740622365,200.4699376507974,181.7283729542701,127.37483466562516,1399108,770261,C
122.6070135375571,85.26120704301086,44.068166888204075,196.85788912590974,177.79876402334622,124.14728090594791,1367830,760469,C
121.91144806698863,84.67830685717989,43.62367840159296,196.57708471700636,177.88834605456995,125.02708932894639,1389939,747205,C
120.37706971592777,84.00805271548953,43.657609669011194,194.8010280867083,176.4247654233071,123.73733530531248,1392393,733327,C
119.51199293264492,80.66552000915951,50.49947041727509,193.84217599818783,181.33749901263843,119.48439951264805,2269196,1247651,C
120.43153088888462,81.64434576268239,50.780662534545556,194.4775281676971,181.5942114438729,118.34130169241871,2268674,1228010,C
119.84769994348795,81.20243108496973,50.597529017923904,196.12836959031324,181.39556625871393,113.56005297255939,2244669,1172369,C
123.05648591148712,83.05543498996715,50.200358754164704,201.70706195617052,188.20282246567504,120.60229985417743,2195343,1172619,C
116.28639858053337,73.03027842262568,38.67302070286204,179.5725408988704,161.47478226694759,100.51816223309424,1815901,1256800,C
116.29395591042844,73.13523227156782,38.48241819101887,179.39017560857226,161.39833770223615,99.87237113744021,1799324,1242842,C
116.19621709935433,73.32123405441472,38.74682334559006,179.33909350918088,161.35637242894165,100.0135979839401,1794424,1235263,C
126.26032331729643,90.75854130479638,54.73580754646315,185.0891922228868,166.981179625094,109.1224178750492,2224063,887579,C
126.35527280586109,90.97737661870434,55.070935204436175,186.14480951792518,168.01791551016413,110.88068830196897,2232738,874641,C
126.01219470955213,88.66318711466846,49.480868544674664,186.26964876140926,160.2786592851122,119.17399928587912,2112473,971186,C
126.61780993153046,89.36077143400088,49.40151997864503,187.84229548837152,161.55637724293823,120.5521554987936,2155575,911176,C
109.05365883139658,71.39663865219833,39.668487798738596,176.4759760466674,144.8711439477562,107.61307056555925,1579577,576132,C
111.79880066290931,73.08077664505538,40.30098367129796,177.08827259123032,145.2104488323729,108.04374338133937,1575628,591563,C
113.7608571723395,74.34350300111802,40.21381228321539,177.7386789153428,145.9785592225163,107.06143466630544,1549612,601096,C
133.1523750512981,57.91532372531759,51.77495791449748,186.36551786262586,111.43603589927207,104.8724695929063,1268856,721475,C
135.2941080657663,58.77897271491914,52.22107600256754,187.22441394794987,111.64412175008025,104.52040913898485,1253372,720631,C
134.4504545838997,57.00359174308312,51.01132391980571,186.3069221231247,109.61866895988507,103.42100509339093,1149385,715115,C
133.7851082057549,58.55737492929781,52.265077426845586,182.91086284597205,109.06785532540535,102.94328278328362,1129745,650291,C
134.1189465851961,59.60667079871291,52.4492521205348,184.27191451405616,110.533924043021,102.5971002424608,1071373,614644,C
134.79756231520952,62.06173141580261,55.20394372847922,183.47040324204227,112.62965014470137,106.08639783876083,1157746,598294,C
135.4547679785771,64.73430683712373,57.96298726107047,180.30670272919022,114.05393488278385,110.29604760000764,1312301,527958,C
158.37800153980655,91.96263331688553,43.94358131048007,212.84397717250457,180.29928233586875,132.77080664036936,1602267,365498,C
161.45134698676188,95.24982984019843,46.092813582938234,211.22143852308048,178.90186048167456,129.74844555554807,1610882,370399,C
165.9659764439922,97.3891702819933,45.129466555381555,217.70439693160927,184.39478143170513,133.36964416651625,1640737,382523,C
160.41774989986502,94.19195153209847,43.18379553289034,215.68515572003457,185.26293861386787,134.49851378833952,1728888,442093,C
167.75958054711936,100.21022554988232,47.437371145652534,218.28549216834568,184.67225209533984,135.83391226364432,1798922,463477,C
163.79751511269956,97.23379210338054,44.02440751264581,215.85834517148896,182.13567030976276,129.2632414205216,1901862,516545,C
146.7221579241035,122.96125256325797,36.22440580322706,194.43209850982748,193.2521611147358,100.7785324108745,1063790,384831,C
153.52033713526032,128.8646321207705,37.494618136433886,196.8089850654925,196.6018031787169,101.98744118578986,1081608,336907,C
147.45741625541015,122.84871451543327,37.16617201491573,194.39393798285664,192.56204336031146,100.95824236170684,1065426,385059,C
152.2460594865497,127.55369497162053,39.44759193712011,199.48576014981464,198.8165585634241,112.2560074176428,1166002,412612,C
135.88248583416745,106.41113926475687,28.191904788466896,190.4189886032916,194.43395729214132,103.38820334211881,1196587,506053,C
139.36051601710332,109.74201271836068,30.00487649763128,193.5609284284423,196.79950757324025,107.27588019808582,1224664,506105,C
136.04290702291186,106.49143594644687,28.944856841871786,192.29362626488438,196.02303898456097,105.9058957709219,1290183,506115,C
131.03724120711237,104.01768072979702,31.245628123132473,190.64692578751252,194.92292181498541,111.40381089415982,1426925,515294,C
197.1962718200864,188.70142679115244,96.6190214586613,143.0014848613043,105.0287439808424,29.309475451614873,497635,1172853,C
196.71276196706188,190.16927706877863,98.47087122432184,146.31179257679614,109.28134236840054,32.545524566121735,457302,1215015,C
194.45804501156158,188.19328828370567,99.36036313817503,140.87656560676857,104.66347187050452,31.16261806857987,443813,1238998,C
141.31406921257718,94.45945415760194,49.55261079063683,219.15409637417955,201.55542058873277,120.61031207989323,1280239,510795,C
148.41329172442929,100.8012239525865,53.680186800573054,221.51173075853544,203.98323583201213,121.6153882696195,1244363,504410,C
138.15995336169195,90.98604824469132,47.185820006922484,209.9003134350109,191.09054339416699,116.22293306740285,1250753,496134,C
139.25648713487303,92.36505693349157,47.48613775657014,213.27694093135165,195.03314747524684,119.3168618651568,1298970,507913,C
161.04790262756683,119.81037094348672,34.96195639571617,210.23062918494708,197.177447188321,113.30848672922654,1394046,585249,C
157.6605850203565,107.23966045471938,42.391026545868215,203.29206556873623,181.77186512235946,118.35357560232775,1582461,393090,C
159.77043804883806,116.08585447651768,34.80403759297086,203.15743464982972,187.1969215146918,111.51585897969159,1169072,377841,C
161.37611722826406,117.36336086295584,36.46607163290422,204.09778294244174,188.07387740189827,113.28964150292182,1217337,408251,C
158.38404042093796,115.26110814548386,33.69937534548975,201.743313073416,186.12016948276718,109.51676009848197,1241044,413255,C
159.71040468722467,116.91359246682286,33.90975772192344,201.8312756247838,186.66064905843186,108.97191954282869,1229373,388133,C
151.7867692334486,113.59019405158789,33.53957551748093,195.99201790230475,183.25769938151592,108.34837187497669,1304607,377964,C
156.36572547350679,119.42889289295415,34.71886690272012,202.21679205443326,189.2935664106322,113.00837622912736,1331533,408558,C
159.7420714295322,112.70511223674288,29.757042193974208,206.51456097445686,186.44546063014914,101.60714954352572,1009841,463921,C
158.02367577217183,113.92855846493006,30.099017504887424,205.2721916778357,182.24577371319586,92.40016094571578,1075279,339490,C
154.14876127013548,114.79517167764548,30.823575844481542,202.9486597675912,181.44809919731182,90.17775226751212,1394735,446542,C
152.5863489727591,116.4667795258223,33.37444605302409,206.0728992779707,184.22992437794062,94.55250848648451,1526451,483357,C
201.63758961124907,196.49458207249972,116.93464585843806,146.9444144340418,106.08147183528493,39.19182385641162,418074,1409633,C
160.03176003270028,119.94492821954708,49.202542085922815,220.13802449926715,212.95634871944597,141.71590887677436,2118165,480487,C
155.92743624708402,128.55603199519587,40.17216517368269,203.78411490218133,194.02874663786736,120.81405771025243,1462146,673581,C
153.1058983389942,126.00737118345286,40.99086560672276,202.51906223715068,193.827902513561,121.48250613836427,1576271,690556,C
153.21977666047889,126.21690428784935,39.494473788079624,202.63975763944458,193.94585113514674,121.03876212539733,1623260,653143,C
151.0225122414904,124.32766919165489,39.74846540886965,199.72380452388953,192.2285660567089,121.66922088108393,1632176,638747,C
152.2910888421095,123.74577443932682,43.510874522600005,203.65418872824958,196.7575914896684,113.07533962234447,1801995,1103416,C
131.9834622366467,98.2579254947171,43.98700744630571,196.86957156961586,167.76538167028448,105.32836791084364,1070156,593800,C
130.5620057295528,97.13155372784989,43.909049768128305,196.29629435458693,167.5296194459949,104.2690125326788,1054849,607532,C
127.85283638358763,95.03167602875997,42.73632258866529,194.09695735413274,165.80501939482576,98.19400223252138,991095,637729,C
130.11177800501906,95.47933268706338,41.597927595311845,196.50846717649748,167.96966281072596,99.41561003371771,971773,611068,C
133.45109676129601,102.7956146479022,44.92877118586425,192.1363050686985,163.7290538783408,111.68236535676634,1419048,559512,C
133.68960710452475,104.12343880728282,47.21006663853605,190.8898451530749,162.7609013818382,112.54488951610028,1466014,557658,C
133.93564207124592,103.57753978842801,46.38348174464189,190.45839451743777,160.8416469086827,111.60372612894832,1467636,540044,C
137.56423728270101,105.57452207297334,47.71242345759872,192.53666772053586,162.2327780271112,118.24871173888042,1565312,548633,C
118.6015155951421,73.4393902021222,50.92684967376826,186.72944874617147,138.87033129349214,64.78915591787269,394374,1138701,C
116.70671048734135,73.81500022332935,51.42848630081486,187.3649394031826,138.808896400146,61.13871318501153,381814,1172656,C
120.03655299133726,75.58120022484073,51.12802736377871,188.83518950510117,140.93596315427504,63.620795670478714,393257,1188016,C
121.0579051385988,75.61637476773393,51.43357387820539,188.19980016306664,140.2357276736914,64.65138337897208,374187,1165523,C
120.92514669075914,76.27041720975006,53.906295616291835,185.6236728140876,139.4005168365009,70.07578455841607,384380,1312887,C
151.16917144475002,122.39741057002651,37.65330172598981,181.8775006549859,169.4469736325233,97.00756290024027,1122466,623356,C
151.2849807946869,121.79801006329217,37.259655624882356,182.12853743900106,168.80571849759093,96.01189931927185,1113372,623293,C
150.26099052243399,122.30539418272306,39.27359590326962,181.83418763066663,170.1074833656219,104.16394256069381,1131339,557304,C
149.83994810436994,122.0539110032859,38.611515855297945,180.4171736750395,168.70066195985484,105.10634949075497,1132998,553577,C
153.67119110397252,111.72334620768926,31.238673279662958,201.5967413940595,184.59960428997138,100.45089269293032,1261100,488639,C
154.94956061040688,112.81446447327409,32.42596250064839,202.3015258337663,185.22016316404896,101.92295278168179,1299445,504837,C
156.20274269352348,113.6120912826772,29.134201654414436,201.47164017328942,185.50791974567994,94.75203388588643,1296304,522566,C
155.90399268646493,111.57999554728949,26.6857600634916,201.67119278675517,183.96243209515876,91.22443517972684,1280757,509770,C
140.350957661879,80.2746911010504,37.88246471839461,205.38949263104954,150.97602842176275,97.85285157779062,1391008,947546,B
140.12401006478578,80.50492647897869,37.53646415573556,205.22067974635038,151.0938035873423,97.29641153078543,1391948,940570,B
134.6262918415031,75.89269797725827,41.55896346817599,197.5132307148031,152.82268867423778,96.0219959517887,1802214,1055491,B
135.1882557058705,76.42836532286526,42.22337936729487,197.52051113534608,153.1796577785002,97.42890078842683,1807027,1054674,B
141.19400323462983,98.51853382826303,37.87281921277409,207.58761450363923,182.68487495734286,113.04432462605928,1901428,1521902,B
141.22766352195333,98.36468790737658,37.8637054515703,207.74424173450805,182.4154713969997,112.47534520535731,1894797,1522517,B
149.23944786675577,112.9044268235023,42.000351857207136,207.93493249080933,184.15096337790396,106.64610318584859,2103567,1221072,B
148.50234949158795,112.57170190319204,41.605851234733244,207.36829933822,183.76058749533914,106.20504582441174,2115327,1227843,B
149.97303163166225,113.79689592804736,42.4025385001066,209.00368267593376,185.47435428311732,106.94818201432791,2118225,1241390,B
149.27743288719046,113.20195376313606,41.72245874244461,209.83009860162716,185.82510259690466,106.95892321487263,2114638,1275337,B
138.58593395390903,66.07249660659006,36.65850146997732,208.52304223828688,162.93634910736193,95.6389767811449,1540287,1197277,B
148.39979360474797,71.0316713152527,48.71532732187415,216.5475209430023,161.4227529751086,123.67698390441296,2572704,1120620,B
147.84751631195314,70.67913433582005,48.66928310577891,216.28926727542316,161.0696602876568,123.59606562579759,2616181,1129594,B
130.79195778529044,57.89795930662223,41.36642414230095,204.5809367865949,145.088745048528,98.83403756955302,997933,782499,B
130.14399490807696,57.208311530784655,41.09029973269805,203.8754710676559,144.58431914451015,99.38148791143416,1005842,773587,B
129.06527640504947,57.57065266298633,40.93041146732384,203.1149637780933,143.78809417421803,98.69472815098958,990201,789391,B
129.71606360876063,57.635147821236274,41.16761442869887,203.48366468371606,144.10810725157114,99.33750599509257,997743,786876,B
106.55463760442679,77.02459427153373,27.44166038356459,193.61788731866,175.95592219861172,96.95958522711577,1312666,651257,B
106.38828251987735,77.06459523533597,27.395546240002474,192.8945069216397,175.36158932985583,96.32971544839792,1310264,650923,B
106.24065750930585,77.09836479641379,27.51443929765328,192.95324665027238,175.44956108812877,96.44382438383583,1305348,647941,B
106.42203662954662,77.37193711678003,27.745017306650038,193.18752093821058,175.93171030328728,97.28655767346474,1307110,645462,B
105.3061197988519,76.30147214897848,27.527483241088923,193.3205397273057,175.91681458911145,96.77945010336995,1308465,649663,B
119.73475364346281,94.21687809123313,41.391865063599084,182.55157627306474,161.43333283309497,91.11551071208571,1934057,1260002,B
119.49920148466127,94.46117620440553,41.694488688942,183.94178516943606,163.04427324665855,93.36870429968171,1894793,1315713,B
119.31623509133868,94.3801569053395,41.99857381923166,184.27584590106665,163.01298222999324,93.02749173721946,1900684,1304235,B
115.29624395198717,90.2176072402306,41.538466468013056,186.23889757959034,162.93885840696916,98.86609539766249,2104321,1178974,B
114.49464393271634,90.10551000626597,41.31032828444581,186.50453373789117,163.58592588076198,99.09742200981202,2084362,1187386,B
115.83687902960482,91.71015123675734,42.14670720435267,190.66865262971106,167.61806905012784,101.85129182848763,2069276,1173217,B
113.32419358168889,88.86086525677729,40.45231723657053,187.92283980346977,164.8393832976331,99.42025539058251,2026325,1205466,B
121.27373510732187,87.69939869286151,39.750837135766794,190.41598604849779,169.05199095292664,108.58075830983083,2069325,1145013,C
121.1390494061301,87.83385811398358,39.54487329486485,190.3897011608893,168.9905194980793,108.1525259479026,2066200,1141731,B
121.1853733647479,87.87185118553643,39.62856536013145,190.36121114351087,169.08581134425202,108.1387568667538,2054030,1139549,B
134.08300545834456,92.95615206774532,55.49918867584913,193.3039526561696,156.38946274999296,100.5716379723236,2582670,1071469,B
133.40041616102667,92.79065943288592,55.18951469520215,192.7599118898913,156.02881115259225,100.10577557841387,2557086,1096376,B
135.18413579371637,94.3166084371111,56.545768446824184,195.21690881700945,157.9939119404593,101.94111214952697,2548628,1097579,B
133.77422256737844,93.90779521584784,56.87890847799562,192.40198656704487,155.51586888750467,100.0298171594196,2571467,1067866,B
132.69854756164526,93.07232047872957,56.8304793101438,190.1353355681303,154.50433934221752,100.33822512813667,2566423,1054008,B
111.53640920211062,89.70267678343174,44.45404213760735,176.8596299363329,162.24283009779475,101.51875789421673,1531454,921144,B
111.25979387913173,90.07939878282957,44.41075026056826,176.26488896966578,162.32759103681911,101.15256243065713,1544831,922482,B
111.51027000971008,90.62388018617806,45.624378691241546,176.09793032325862,163.4515828801095,103.70266009462074,1576278,903843,B
112.23318507065251,91.34661202963466,45.35609960802451,176.28898237300533,164.42746115886538,103.39409184249314,1582863,890559,B
113.81615705892857,91.93591192014674,45.44970939979616,177.83093250279632,164.15286637983593,103.472747678323,1593086,923061,B
127.74655418030093,66.43555309527014,50.043438093736995,193.74920548331212,140.8203287423837,106.61094570321063,1544290,1552500,B
128.05336412228723,66.41585371780401,49.71753431522984,194.1812403118442,141.30768748317382,106.55564430927494,1509175,1540873,B
127.90749564140785,66.29415930625834,49.58163566303291,194.25178500936934,141.18972936071128,106.3041537723051,1491479,1513051,B
128.63622554923222,66.32093497815615,49.60521799658699,194.12359388969185,141.39790934857675,106.61158029278931,1490646,1531031,B
128.61132358677324,66.33781424808853,49.60753495866291,194.41738820058484,141.3834580184868,106.56377953070321,1508022,1509391,B
130.3024870474796,63.18438625393236,44.19485718258894,198.49972613678744,144.1100674685665,105.967979763514,1546896,1543250,B
141.42864985044986,42.81256996658317,49.72967211739931,207.31867739040882,90.93076181431871,87.25906470925025,1678167,1572908,B
105.29794685313291,43.95789216479801,35.16851121024232,198.5443138288902,70.56840536945353,68.24059867114944,1065667,2034860,B
96.27249713672236,39.07627984272303,33.9935580295201,195.41642055675078,68.4610089761541,64.76488425055415,839735,1859452,B
123.38969288789927,41.27566005005677,44.05062369025308,197.7731048846597,71.3463944552535,64.64133303962603,782661,1648332,B
165.261033542312,47.022648913678466,47.726206107538644,214.87726253257614,102.21996888602091,84.9248276517732,1811696,886354,B
173.58902608874934,56.21459255809213,51.15335861254541,215.31151608092858,107.60718286571161,90.2698568472822,1749926,803134,B
149.5081642266849,61.71551053037882,45.44899120837014,232.16155830614733,134.54754762355657,97.82048402115265,1335477,1364575,B
152.57493757135245,63.21163093473455,46.349613527463475,233.07519432655494,134.8367799872073,98.80617690640294,1355966,1385450,B
140.72157574436383,51.95450460378063,48.6635194807527,225.47824847867375,114.58778707269214,95.0237398053593,1413200,1218528,B
143.26685825611375,53.167821981462716,49.24169322085907,227.45484930101227,115.52257746829191,96.33139976157901,1522171,1294458,B
137.86613545884012,50.54102095867407,46.491846410380965,221.35539565468795,109.44110296056748,87.10326608123154,1469173,1404478,B
124.32153943886539,45.56571933045654,41.95599273932985,214.3109987125955,101.90586629722816,75.21851094716135,1173737,1580074,B
143.7956742390835,55.12857453824914,42.64632092643756,211.17077446681046,107.44177741699056,64.26606641185734,1316477,2110611,B
149.07116121839027,61.244983125132165,49.098650479989146,222.69384510295055,119.83407365461679,100.23019213155047,1095851,1076402,B
143.87132326893817,96.92609166412198,50.56907896004731,201.7207744090759,174.66390228800418,120.74923501822717,1504555,691647,B
143.58214901820236,94.27326932518821,54.758923539860916,200.38390187834767,173.65326455552704,125.50564156707735,1564773,575890,B
135.7975662641536,84.52234746575772,53.66659616692962,187.14528826109054,160.99462357756678,118.68014184167183,1679010,487902,B
140.1699894750757,85.7765361383484,56.51462909476961,189.7058822223834,163.5503518648939,122.80743310185795,1805061,448929,B
135.7948128070194,87.40647557953736,52.52964007487432,182.9493446414068,157.72583340363443,114.28920947821643,2743800,827155,B
131.6186824256169,85.49190073197009,49.305847717770966,185.41957313800225,160.21918594951663,111.2831385443609,1660815,585582,B
131.3802230634524,86.2355508738562,49.713212382361405,184.9547745214324,160.14748991257866,111.14044078880795,1606466,584241,B
181.9360340837905,130.23776038221658,43.39539752037278,224.0748741117846,207.01656548542496,117.25610616969378,67902,21179,B
178.34814204714556,126.33082775818653,42.99693336287665,216.45543630053123,201.33361302676497,115.60507390716036,1658591,496546,B
177.15260840826207,125.39759795763095,42.1096618717822,214.67176541050347,199.89837472723505,115.15342387771274,1776832,508790,B
173.42745650620205,123.00938851988482,41.68908825279021,212.09475993854542,198.82848419112543,116.7308745255222,1927992,534807,B
173.9825185114343,122.73173179067534,42.95742180908036,213.491058583126,199.77219731316822,119.07376760382112,1953465,549388,B
182.17513300448465,112.98698139061298,63.808762228151316,241.9332759485394,210.34308299262335,174.7978165131669,1927445,348394,B
183.18880046791128,113.56302650871865,64.1279922932109,241.8806487854036,210.39990746412866,174.90507022102238,1910277,347668,B
156.0361969473923,133.6370118834659,33.83537314065973,202.15695156084297,196.77974574724368,109.66716995840794,1217570,384177,B
157.44824473242787,134.82371419982445,34.51214963157335,203.58004192172905,198.0924674200854,111.38796407083487,1174916,378210,B
158.7962527645907,137.00217164289293,35.23676286943939,205.63998557070025,200.92109944171378,112.60711905843857,1171302,364257,B
156.32554852652027,134.53591228294954,36.11943611707427,205.10976522578147,200.7382904057293,117.38418864892047,1269315,386287,B
160.70049276463678,140.48033487942885,41.170207115205876,210.94179579998658,206.89772914842248,123.71133081592188,1229769,376701,B
171.63244092176518,134.27049521534758,64.51432370164835,219.64762250825294,197.5918421004906,131.78030814012385,2086401,682596,B
168.19103245807744,131.67381602496758,62.29980707131082,218.21343468871802,196.4396134940544,130.3961021864055,2118208,700642,B
168.59138007397178,131.56366790557712,61.97328612581226,218.3229088095096,196.11225752683265,130.55765310283113,2123402,708987,B
160.93000044341233,120.08460280788061,35.79498958930671,210.62224939617616,197.43529038019375,115.107600580139,1372271,585249,B
160.03016815570746,118.26650730125706,35.66022657716756,208.90365490263304,194.75043057632075,111.96537347383979,1407202,600683,B
160.53194257420023,120.10282434327186,35.67586509254605,212.4892764373724,199.3756989391436,113.71233135638798,1483673,538636,B
166.65351826882159,129.84985707481007,37.45565174196036,215.446392692571,202.11581886283017,111.42678567707651,1428096,471635,B
163.48024695254634,127.03082146730954,36.08789730599193,216.3129306286086,202.9377969559639,111.9332049498907,1442912,481894,B
163.90801445357576,126.86856942842451,36.59318198542702,216.61084102430922,202.30158031374512,110.43648390604733,1508776,495955,B
204.39953159986916,180.80271419589653,93.81346807048718,155.78061703425783,91.49369356408347,31.788293946879914,505005,1779002,B
205.07501950636373,181.80534686921365,97.3144516158093,156.76870204072455,93.0255928313767,33.96940945609632,520493,1829782,B
205.73576689512794,182.31304870815842,97.83141054076198,156.38250106913085,92.04127157312654,33.01959226099882,538608,1914463,B
156.53837318512285,92.10370299465293,34.90325312634592,206.98423563251504,181.80659277766293,103.42601901358465,2052729,537337,B
204.84733756497178,183.81289987858597,106.43505329311536,152.8372497215347,92.56252527326325,36.67539751802764,546602,2157970,B
156.65030675572527,96.03813804591908,41.31957970698024,208.6009095043175,185.30600660053167,111.41655906045263,2082349,479683,B
151.42555510145075,122.11306178865034,36.73092802274139,203.80850609191612,191.62481369108403,109.0820799848998,1254431,572953,B
153.65229892843269,113.65313860928137,39.74417123191533,201.50926368022687,190.30378473684505,107.26237745313973,756420,430059,B
153.54171783296547,113.26148791559385,40.053849771818804,201.83603997692876,190.17685254004996,106.58175220135868,766972,435293,B
154.30473390665333,127.84756003943052,43.616119480610614,202.36633181730042,191.57708929100883,115.75796562583633,1377950,452765,B
154.38668228915998,128.64061526696906,44.96402314877107,201.6071137358237,191.30306382448475,117.18402538534345,1431944,473155,B
154.99620164619455,129.75911300231087,42.19471391451894,200.75158587913216,191.12330566685947,114.39278844487258,1342544,487224,B
152.40795518060673,127.80019265032986,39.867991606620485,202.57835770139243,195.66416185346023,115.68716183077599,902638,390359,B
151.55031398966344,126.4693131296347,39.69643841114916,201.28457145550914,192.78133638229377,112.3911552966738,932512,461220,B
148.80435924346295,124.21054769148199,34.833328325733945,201.98069415388653,193.83753658316357,109.5905414530265,831722,364694,B
144.57350256595578,120.51474095944948,29.212964116219087,226.97291704422702,193.2005377608379,43.70039244557189,745599,1026514,B
161.2270502444665,127.35610260637642,27.07010953496178,229.07917946787222,195.60549691119508,52.41985082756889,912730,1212764,B
162.37120244015853,128.007627264777,27.62641949081978,229.9714040155703,196.2711923654369,52.14279889821486,892707,1272211,B
163.2951471378324,127.85064326063248,26.068951287263275,231.06136887355953,196.78954888899068,50.84801615247789,823390,1285763,B
163.59057705403097,127.38369374129734,25.1808990722534,231.49278624931003,196.8067503114499,48.09708245175015,743489,1321474,B
139.8071539501634,67.12094265631573,37.27212866547465,209.5121865446843,164.19756994436955,96.46771426347914,1531234,1182161,A
145.8806873732576,63.907231462450845,38.950640993413444,211.75128875347403,165.91487829872273,100.37277765033778,1629478,1410109,A
142.8347304676682,61.590596608057965,37.627835792956056,208.0363331579611,161.81312746337616,96.7559276422452,1618517,1409338,A
143.79439929313563,62.047782561200336,37.81787316111134,208.66375295854516,162.70193291339186,97.57406148235337,1610235,1396892,A
144.36761789476031,62.876962256465745,38.43270723416797,208.77496999875245,164.01376718265558,99.84843495446934,1720701,1473761,A
141.19074621401924,110.86026409086351,37.153756409278756,211.25010706586826,185.77674762153794,98.61582387410408,1330147,1121252,A
140.73808855874742,110.66834893452622,36.98365354821783,210.79253042161776,185.2910480555696,97.7389504138818,1312703,1129256,A
140.96749993288603,111.37834941377227,37.50803677747228,210.9104344843117,186.24765809897104,99.3773297218538,1327603,1113299,A
140.84033100062197,111.02124997719594,37.22688658273315,210.27355113407452,185.17149809362655,98.03474079556042,1335545,1116695,A
114.15894967828392,79.66939509522444,32.25234410088488,194.3824274562617,169.1475200176958,100.50055465233217,1812395,1212645,A
112.71321498567349,78.75599061545157,31.87149770864857,192.43152114008095,167.49182581228496,99.00321772003284,1826715,1214137,A
112.57041780595063,78.55950124295619,31.555861655508476,192.54407702743683,167.3206671680439,97.86854936887096,1819690,1216020,A
112.42738321836691,79.00194223698753,32.47076753053683,190.03857187520248,165.53105455211085,97.5513191494108,1831751,1211945,A
133.32949709026587,61.53538783163394,38.49217734155183,206.87939387241255,155.0286288657324,107.69968200588252,2209834,849364,A
131.4520651376553,60.63905388895165,37.73033051226387,202.29837853121046,150.79804292573468,103.90554904392347,2197328,832419,A
140.4079874307322,64.06319475498856,40.010388448586674,224.15423592927976,170.92184449344626,114.44521802300113,2288931,1220459,A
144.2149187631094,66.49550072700234,41.32404587604154,226.1706712439981,173.32735231981613,116.82867022188627,2284304,1203533,A
147.6218607416851,68.970644446095,42.37970532869135,230.00951781531555,177.12768509127952,120.80408017827898,2268102,1178756,A
145.04990127198414,64.80305313321135,39.242638901941405,225.1103948834553,170.38292927967493,113.75667806103901,1878369,1121084,A
144.93350628827864,65.31860314419403,39.25033228794928,225.28477191803415,170.63085053311656,113.91748767760481,1893151,1132373,A
143.54600379773925,63.716646597582795,38.605385400185156,221.90925295020622,167.48453284730695,110.53413815037267,1857479,1138858,A
144.17124475777382,63.61015687383882,37.14657824266651,222.1352719367614,167.4509849238329,109.63008700965447,1869201,1152339,A
157.81525004797786,82.22720518922833,40.979286646705006,230.8563864260746,176.7303583077025,107.50676641476389,1108764,1008394,A
157.93795656359868,82.52324315952757,41.589702967523756,231.0957082398502,177.10456930473507,108.12724682637113,1098486,1004419,A
158.776962742759,83.11001047105874,41.417443881444974,231.18616453520332,177.52867743613893,107.95611191425289,1088997,998444,A
173.7628917564772,102.39399815109834,43.70396138906707,228.86748099306726,174.17809434443922,103.25489602766609,1357225,1009931,A
173.8648361820079,102.78631377194095,44.50936081015097,228.2587136281545,173.95367328266875,102.28695912305187,1411042,1047493,A
172.95784278724668,101.16070693684907,43.62322910915837,227.50153132650465,172.65474637108827,100.62671666507532,1388204,1071543,A
172.76781765718025,100.83151315150292,43.04643459983281,228.88862381020982,173.85509927739898,101.72315181406978,1396755,1092438,A
170.77064857639098,119.24050317452401,44.84858005763263,217.9911059412727,174.12775493922294,100.29923637346698,1632206,1079972,A
169.3331040553548,115.66201629737897,41.987709741725105,218.28777865777232,173.76811523244476,98.07038128692,1578257,1164588,A
171.67436014263075,117.18249732465334,42.140289051093426,222.12048968071375,177.91611347967745,102.14421391963467,1633229,1185013,A
174.96131539171677,119.18159032429467,44.497960201210006,229.17011431268003,184.59271045630237,110.16984448139216,1545114,1147723,A
191.9604822347966,154.8792629826843,104.68347846674543,134.68332860277567,71.42895302539492,49.702743843109204,1003010,1764384,A
193.09270910705675,155.70106227436995,105.06820873545684,135.68189485689507,71.91639511287156,49.37118444486499,1000921,1747138,A
193.10419471216173,155.45813694124394,105.27540676924257,135.51442831025847,71.52204202595566,49.26875060981499,994294,1742007,A
144.44668090612987,74.54709933089724,49.97697343936357,206.54448802827244,166.3391766517587,115.16360448795504,1707292,1028100,A
146.2648336152452,76.14381722128768,49.988454900453966,208.28590021137362,167.86868023703968,115.70913328482625,1723912,1032718,A
124.73464253041847,66.44753221549357,34.83488457287493,210.8644424737383,171.84018043821249,114.79534158811583,1004845,872375,A
125.74836696218324,64.23491378750123,32.79363796304812,215.84621012277526,174.6559515935612,118.19573266737116,1112316,936158,A
125.56667164608643,64.63409243206677,33.443708970348915,212.7307658954194,172.73305413569244,116.57071118293217,1119594,932485,A
133.9705083115867,85.56019871029095,35.028416371611144,201.29163271930096,170.77674941693633,101.07450601677489,894352,970104,A
133.39839562004016,86.0337686940034,34.77320904621856,200.51831826526,170.81389765999063,101.38886691858164,902828,969509,A
164.11692011244182,117.42984750277668,43.822928996168486,214.45763950965986,183.23046795774778,104.02527029390052,937147,916156,A
167.90025302952336,121.04767249504117,45.371692262203794,220.17622937470915,188.8589730074876,109.98110963138521,960194,928185,A
168.92983668313087,122.00540009371518,45.68693620206595,223.13987881845426,191.53355010037106,111.61955196059203,1005915,981572,A
142.75055232254277,99.87004614932881,55.19204748832924,204.81410775655638,196.20876224986364,131.6080468330548,2287145,1509462,A
143.48807226071708,100.4120316858637,55.5736480940901,204.5901716836658,196.10266026266987,131.4408794688165,2281775,1508373,A
143.35513189169043,100.29890441766165,55.37256528539886,204.66537820879773,196.12354259325008,131.7391511689623,2290172,1502030,A
142.96747510376252,100.1638119445502,55.60262285796847,205.66122653642776,197.32482071126503,133.24863000033173,2290964,1511104,A
127.08668791530042,70.34615496184531,41.52423147129288,200.113842309266,185.59099677319745,128.04873300765317,1138143,855584,A
129.09320908040493,71.67642982285385,42.06090909473152,201.9341580844606,187.35860426541814,130.58993645344182,1145134,859603,A
131.93055643419672,73.98221440193151,43.299425993622584,204.8569730473567,190.53435777621593,133.00096005184483,1124793,855573,A
123.24231950115227,63.212670291579215,37.254212054050605,177.30489464098105,156.8270694554837,105.33474505971563,1545359,1046959,A
122.6077143580296,63.18246075752816,37.01488955672148,176.74535363291184,156.74511925257374,104.97515937961555,1574040,1064678,A
124.52867287978097,63.862310193817486,37.1482886338392,177.31780883869664,157.09961658304744,105.38718215357693,1588389,1061536,A
124.5900913072653,64.3319723725189,37.48303466131439,177.2963792969706,157.8625680043314,106.221882808557,1607820,1064376,A
123.66087960723577,68.94240587440991,41.84143685935815,176.15813926305384,156.76544516475067,100.16630566915917,1927361,1322683,A
133.22188192560648,80.09922842819802,43.88850636725785,204.36023760205535,196.56744033913617,136.32705387449568,2077499,1842423,A
140.94343079701483,42.519397729516044,49.67458630034633,206.92643453593226,106.39297703753846,105.17927127038313,1339096,894602,A
138.66913451035376,41.53525305943432,48.092811599267115,203.87995684184614,103.93746361270316,103.1283919245124,1340343,911663,A
141.3784754163922,41.780674032287614,48.63578130815412,207.76961328426185,102.79894281586361,99.82070977854585,1309055,949113,A
143.45231690615435,42.30580289469795,49.79010101544144,210.01859194848782,100.98445713791664,97.5798156631942,1514760,1131640,A
141.42864985044986,42.81256996658317,49.72967211739931,207.31867739040882,90.93076181431871,87.25906470925025,1678167,1572908,A
123.38969288789927,41.27566005005677,44.05062369025308,197.7731048846597,71.3463944552535,64.64133303962603,782661,1648332,A
165.261033542312,47.022648913678466,47.726206107538644,214.87726253257614,102.21996888602091,84.9248276517732,1811696,886354,A
140.72157574436383,51.95450460378063,48.6635194807527,225.47824847867375,114.58778707269214,95.0237398053593,1413200,1218528,A
143.26685825611375,53.167821981462716,49.24169322085907,227.45484930101227,115.52257746829191,96.33139976157901,1522171,1294458,A
137.86613545884012,50.54102095867407,46.491846410380965,221.35539565468795,109.44110296056748,87.10326608123154,1469173,1404478,A
124.32153943886539,45.56571933045654,41.95599273932986,214.31099871259556,101.90586629722816,75.21851094716135,1173737,1580074,A
143.7956742390835,55.12857453824914,42.64632092643756,211.17077446681046,107.44177741699056,64.26606641185734,1316477,2110611,A
149.07116121839027,61.244983125132165,49.098650479989146,222.69384510295055,119.83407365461679,100.23019213155047,1095851,1076402,A
149.7012487149707,61.809449213863886,49.42318302728875,225.96755689711387,120.17028209511788,100.75301587422288,1071573,1083030,A
148.87155092989784,59.48991235551051,48.64695881529439,223.17051810116624,113.67813106179594,95.45591539396644,854786,930450,A
149.88270864023173,58.20346340166597,48.3060927405584,222.53708058517077,111.2672236438658,93.45701780694205,832918,962856,A
135.53712488869093,48.67213046412046,41.22458628430355,220.8428077823093,91.56779157084095,93.49055972664405,624452,779109,A
131.64545532224525,47.502088087215206,38.94839572675872,207.89366170186605,91.07540650802346,89.98115628555632,657291,819590,A
132.43166537865102,47.63461002713082,39.46865657075484,209.64768903825924,91.50041019526805,91.00092091989389,697728,864019,A
127.89167458190919,45.01814246783157,37.04005916706725,209.53209877046825,86.17623910033528,86.60273140261087,643741,852514,A
129.66405960352822,44.55515666988566,37.335327033677174,214.4964017197582,82.46455269311531,85.44750668502864,610598,831063,A
153.79092503563828,48.97223005668687,45.1546109832352,226.19648469989244,92.21997804521895,98.44062225132524,1073446,824335,A
134.26821122727114,41.0013801655785,43.98926793127568,211.24560993244663,94.10324254226995,98.22541441148897,741686,533455,A
133.45202063748658,42.12165046458177,44.893715456456945,211.27466700599544,92.44077201904325,96.87263079457712,697104,518096,A
127.47077582827743,50.794050179814725,49.10054947426854,196.7223651219276,108.55323537068725,103.45419210465477,1192685,1134804,A
124.08445409112102,49.05725267264292,46.73168388703887,200.13038222053103,106.63706026486112,100.06029534511632,1059961,1087113,A
120.5592109952721,47.121324588254225,44.723676001708405,203.95746505843027,104.64109459207052,98.11728063216353,942016,1018802,A
119.12018257706072,46.65449218663964,43.959139717202916,202.21356734278,100.65922712539376,93.82645019191244,893672,949446,A
126.55871908498108,48.4987250801942,44.80689955504843,207.41352507154366,101.79569666015502,95.11217899852187,923654,975836,A
132.62483997256365,50.04511135974448,46.18346547447857,208.05245985678158,99.79330638895998,93.38688584131098,1161970,1115455,A
135.23267373025487,46.91052270630022,51.39095113786217,191.012599834181,102.72449659533831,106.71065905849369,1418170,832366,A
131.31884499654677,44.457942212577734,48.81827677013338,183.80769582829282,95.45092978584385,100.13984826166819,1348823,916230,A
137.13360383463396,47.124629567882266,52.03572789278165,189.19459049519074,97.03135252921487,100.70869557250322,1433132,1036246,A
135.7948128070194,87.40647557953736,52.52964007487432,182.9493446414068,157.72583340363443,114.28920947821643,2743800,827155,A
131.6186824256169,85.49190073197009,49.305847717770966,185.41957313800225,160.21918594951663,111.2831385443609,1660815,585582,A
131.3802230634524,86.2355508738562,49.713212382361405,184.9547745214324,160.14748991257866,111.14044078880795,1606466,584241,A
127.98563716687383,40.03757675534395,40.23141088317126,196.095861202859,96.18842398484598,94.65559089169128,873676,608296,A
131.27533362083528,42.9404745635921,43.02128567475326,198.60307491175348,101.04409312495041,99.0040460225243,901114,596637,A
131.59260253548408,42.06536617699995,42.711049437354816,194.63864538739097,97.87037517551511,97.31174069052987,924545,608121,A
128.66768386960737,42.61584544313165,43.35132650910482,189.43200026674583,97.33299858280137,98.27784068481411,925348,538101,A
140.91092495250587,53.98266482026112,53.3902065849708,192.5607484389315,108.1726168532151,106.5118937188327,1438573,673176,A
141.26202562215423,54.55163976414433,54.04400204540276,194.2755222252081,108.06623429538166,105.94784322216609,1450402,665608,A
172.24173200091587,145.24389934925375,44.607953707671605,200.21380580091824,187.8293709351318,121.95685248757678,1105715,341957,A
170.81441037489762,143.87242758771822,43.79185466623452,199.19761890362733,187.08123223280396,121.42158863278333,1156269,365425,A
170.1892459054427,143.82998020493582,44.22077425639557,198.11889889711418,186.09782134067987,121.51567390166818,1201385,377518,A
169.37517507779398,141.56833140323252,44.01174221226589,198.4219905849684,184.920993608308,120.97491329938275,1244931,408511,A
167.73826588878825,141.8906415881962,44.00688647332431,201.44899567829106,189.51539175281178,121.90644272537509,1414493,493244,A
166.30071027466772,139.68539214656698,43.48609071805771,199.70611578123817,187.39720307560015,117.92627993024944,1409023,502150,A
166.22773460786266,142.24050624292954,49.86297573936994,201.73509608678722,191.7067651902377,126.74453849354435,1307131,543299,A
169.53382672768296,143.29789845225233,48.871924388526075,202.94424119273117,191.94486111715986,127.82103659025924,1299536,521834,A
166.60089905535784,141.1557247768381,48.122974427855084,201.99729314720946,191.5864518881781,126.70007041380214,1302065,519065,A
169.53253356910557,143.06143651448875,49.61623842826135,205.87375166331455,194.17328164495927,128.91539847720446,1286276,509149,A
179.03689165186418,150.37359203780304,48.66359099303048,211.28869820222516,197.63914044949664,126.73226076878058,1645612,585252,A
176.5744381828721,149.80032042899018,50.51377202985009,208.80461250389706,196.85708519960383,128.9677006545827,1699340,609163,A
175.63170499138948,149.331282588886,50.72338807765689,209.41614064718067,197.9396210742796,128.68427053260788,1808582,626081,A
175.1009704827063,149.54286233727643,51.2616461324092,207.22316159043106,196.70579657003927,128.8116126433288,1893578,656155,A
169.00444619685038,142.01493232461922,44.695269289722,208.68085939123333,199.93817392972866,120.09048367762495,1624174,595669,A
167.90828261680505,142.70258551945236,45.285089407554324,207.39682418714676,200.7319884196975,120.87939597356424,1615707,591852,A
167.58632734747007,142.27365995236323,46.768803158213515,207.1093064098016,200.35775200025142,122.6607514163777,1580121,589433,A
165.32591673671573,139.5246007797326,44.812930804796,208.1305267645783,199.48724667039318,120.7310474271772,1547801,596002,A
178.34814204714553,126.33082775818653,42.996933362876646,216.45543630053123,201.33361302676497,115.60507390716036,1658591,496546,A
177.15260840826207,125.39759795763095,42.1096618717822,214.67176541050347,199.89837472723505,115.15342387771274,1776832,508790,A
173.42745650620205,123.00938851988482,41.68908825279021,212.09475993854542,198.82848419112543,116.7308745255222,1927992,534807,A
173.9825185114343,122.73173179067534,42.95742180908036,213.491058583126,199.77219731316822,119.07376760382112,1953465,549388,A
204.44542712764624,88.89225495780232,76.66703486919103,247.91294589069935,182.27029351892952,167.73961135923778,2483953,599371,A
204.41507198188924,90.1633676241093,77.63497830204764,248.69585954623412,184.67414766661489,171.2835753695637,2414597,607091,A
200.26243061866234,86.66489103267494,74.76459815913573,245.5944898642573,177.21834228320358,162.83987845957944,2377786,567661,A
198.16115040499326,85.61285790925163,73.98863649192681,243.82213751849312,173.92889682396878,159.59917844763424,2281326,539213,A
198.12995563787604,85.30003635664485,73.64611333424499,243.7879484110409,175.02203366076134,157.49712374164042,2270529,517819,A
202.06541003841932,180.7678992771129,102.92331131781371,158.73218412405433,80.43554275972629,46.201337823912624,817133,2076060,A
205.4160566135676,184.80661111573207,104.45541939845788,167.15653558037405,86.59415474440503,49.57817976569154,814259,2075060,A
204.395873751412,184.42394529350403,104.25957191726431,166.12725142619493,85.62697166432915,49.59021034333655,776682,2012843,A
158.37800153980655,91.96263331688553,43.94358131048007,212.84397717250457,180.29928233586875,132.77080664036936,1602267,365498,A
161.45134698676188,95.24982984019843,46.092813582938234,211.22143852308048,178.90186048167456,129.74844555554807,1610882,370399,A
165.9659764439922,97.3891702819933,45.129466555381555,217.70439693160927,184.39478143170513,133.36964416651625,1640737,382523,A
160.41774989986502,94.19195153209847,43.18379553289034,215.68515572003457,185.26293861386787,134.49851378833952,1728888,442093,A
167.75958054711936,100.2102255498823,47.437371145652534,218.28549216834568,184.67225209533984,135.83391226364432,1798922,463477,A
163.79751511269956,97.23379210338052,44.02440751264581,215.85834517148896,182.13567030976276,129.2632414205216,1901862,516545,A
182.17513300448465,112.98698139061298,63.808762228151316,241.9332759485394,210.34308299262335,174.7978165131669,1927445,348394,A
183.1888004679113,113.56302650871865,64.1279922932109,241.8806487854036,210.39990746412866,174.90507022102238,1910277,347668,A
156.0361969473923,133.6370118834659,33.83537314065973,202.15695156084297,196.77974574724368,109.66716995840794,1217570,384177,A
157.44824473242787,134.82371419982445,34.51214963157335,203.58004192172905,198.0924674200854,111.38796407083487,1174916,378210,A
158.7962527645907,137.00217164289293,35.23676286943939,205.63998557070025,200.92109944171378,112.60711905843857,1171302,364257,A
156.32554852652027,134.53591228294954,36.11943611707427,205.10976522578147,200.7382904057293,117.38418864892047,1269315,386287,A
160.70049276463678,140.48033487942885,41.170207115205876,210.94179579998658,206.89772914842248,123.71133081592188,1229769,376701,A
174.66280779271796,131.0343690098322,56.55216251931533,217.6314697485582,187.79998965400506,118.02488087521432,1448358,558791,A
179.54643956509216,134.39536302068996,56.842671917916,222.72746719399484,191.32735470999478,116.0198678187567,1586697,639173,A
168.03392357801096,124.29215131549101,55.82936510971359,215.96220506814797,184.85488257691694,115.21533003897261,1595561,684811,A
176.20998420152063,129.90334218048235,58.620363090752925,219.3298329628619,188.67506251400286,116.17343958969887,1656604,764280,A
173.0853181957586,124.81173500055957,57.38584323790342,216.68720509777333,184.47118739161903,107.70259265703334,1573402,780859,A
152.2460594865497,127.55369497162053,39.44759193712011,199.48576014981464,198.8165585634241,112.2560074176428,1166002,412612,A
141.31406921257718,94.45945415760194,49.55261079063683,219.15409637417955,201.55542058873277,120.61031207989323,1280239,510795,A
148.41329172442929,100.8012239525865,53.680186800573054,221.51173075853544,203.98323583201213,121.6153882696195,1244363,504410,A
138.15995336169195,90.98604824469132,47.185820006922484,209.9003134350109,191.09054339416699,116.22293306740285,1250753,496134,A
161.65234555915453,59.67972066832863,40.57295116844493,215.68403275211176,161.87384751152624,115.1258233498426,1337395,497760,A
165.81725956569062,65.16493797267621,44.02645822954841,216.06184121197745,164.52793833808354,116.55260991051205,1355523,498162,A
168.2900790368438,65.59679471513944,43.49568353470515,220.27547493827808,164.32161319865128,118.94895430582004,1369317,453036,A
165.3811087096915,64.02247775027529,43.00684375219955,217.97162328770676,162.81835605556148,116.7945501924261,1370834,448025,A
164.22079556511775,64.7918183748924,43.510858015918544,217.2084734220136,163.80196481953203,119.4960865002907,1394452,445544,A
156.34511546203544,61.73319362483468,41.37058631025874,214.44954494945537,161.28780542815048,119.84534885673767,1492341,452438,A
175.79846936565065,78.53737425048251,53.69170259021688,235.23358662055256,186.20305454790596,150.94204060517993,2102281,596661,A
161.37611722826406,117.36336086295584,36.46607163290422,204.09778294244174,188.07387740189827,113.28964150292182,1217337,408251,A
158.38404042093796,115.26110814548386,33.69937534548975,201.743313073416,186.12016948276718,109.51676009848197,1241044,413255,A
159.71040468722467,116.91359246682286,33.90975772192344,201.8312756247838,186.66064905843186,108.97191954282869,1229373,388133,A
151.7867692334486,113.59019405158789,33.53957551748093,195.99201790230475,183.25769938151592,108.34837187497669,1304607,377964,A
177.80614385137784,105.49529641258266,43.127644163562344,218.1060245745227,165.56133298151155,108.30753287147556,1266718,382299,A
177.6704738879661,105.71055429163836,43.73896787642023,217.84439111789908,166.14065257106486,109.75809203423236,1249956,374558,A
177.3141255043079,105.08102474407181,43.607828672290665,217.21460850712188,164.92904061052104,108.11493901063074,1259365,383936,A
181.1157893813574,106.35193367746085,43.02438878614196,219.16243360036793,165.98452267668657,106.38442797349491,1540256,522158,A
177.88894133200293,103.34191020777527,43.00084726210868,215.3950494095392,163.14468627874297,101.12926904414097,2112363,782786,A
153.67119110397252,111.72334620768926,31.238673279662958,201.5967413940595,184.59960428997138,100.45089269293032,1261100,488639,A
154.94956061040688,112.81446447327409,32.42596250064839,202.3015258337663,185.22016316404896,101.92295278168179,1299445,504837,A
156.20274269352348,113.6120912826772,29.134201654414436,201.47164017328942,185.50791974567994,94.75203388588643,1296304,522566,A
155.90399268646493,111.57999554728949,26.6857600634916,201.67119278675517,183.96243209515876,91.22443517972684,1280757,509770,A
172.3875626204028,104.12521178276725,46.19528364301678,208.24341541494215,181.32871324945904,99.04031442284511,711800,387939,A
208.12827742739415,181.92148259497642,99.7928543712002,173.10978056111617,105.48774823080412,46.47962448695744,375527,696122,A
158.02485258388364,120.3026166502537,44.15971456842955,205.5598550905802,185.0620726926243,115.78158626535492,1831786,697217,A
159.1266096918954,120.82515107290031,45.59882960366094,205.3226028340733,184.13143591295108,115.05306378426035,1887399,720724,A
159.50804454930335,129.52427300034296,40.576965222398144,204.90997019248954,193.22014073540205,114.03442655047964,1364500,571882,A
158.00502301483542,128.62126893218218,39.47071296123012,204.45567549042826,193.30895766847885,113.32065522943353,1370158,577463,A
162.593476009767,119.25857807073167,42.05207476612219,202.30442542952787,190.20549335443116,117.70234671602631,1441384,366766,A
163.76946447053288,119.22513090158822,40.99480961500572,203.2629354302695,189.59700723063753,114.38840287362802,1423965,352605,A
164.10300178632937,119.03776149530222,40.2813546370302,202.16882322253488,189.34611174449878,114.0555661595005,1431574,355534,A
161.78483650491972,118.0864628312115,41.26513258191548,200.43431702930317,188.28016507684035,115.25288952035824,1402707,369292,A
159.09480885732017,124.90547965422371,35.59000247707023,196.11120596226104,186.40545683245696,118.87074332269533,1567353,515895,A
155.42251384927778,123.52630454486913,36.803668596806375,192.51374869093056,183.88768853905407,117.52443689976708,1531272,521356,A
159.53982251854504,136.14640661710163,41.4705584100976,198.24409614008445,195.67293837255536,126.00550719047008,1593373,595820,A
158.86061024800267,135.20542538347087,39.85765759339607,198.0949135745989,195.92313288094905,125.0182123851591,1630382,597340,A
158.90109265450633,134.90491855419094,40.92852533195252,198.52988140633002,195.53215666021467,127.63422443388836,1666732,609317,A
155.0850247604669,127.90194972131573,24.319278205499916,229.0926154518697,199.73836913879168,64.1871603318018,1004882,1405235,A
165.11800616548294,66.45030599606677,39.64636631870243,241.45864135854276,144.20460754619225,72.87672654544124,729525,814262,A
163.1350052697393,65.95575851254743,39.975822870982725,241.14860614391685,142.95881172561386,73.04695807972341,712310,822472,A
161.12316516531527,64.96999758438936,39.92402217767001,240.7307920101944,141.4865096904752,73.50259327708763,718312,831861,A
161.34524391107624,64.38248780764093,39.87472242835996,240.81374803855286,140.67499670835835,74.20553727153,757441,833316,A
149.40527624985882,91.91694601389233,34.403062412652176,229.2811845975673,174.03426842004546,54.708254462065995,539953,1081102,A
149.2882319897326,92.17811311737682,34.36846523736603,229.27829904147185,173.9308996153335,54.88936599653879,527877,1069335,A
148.89900612671283,92.16434173546918,34.32067492277238,229.10762477445041,173.97596484731903,54.27590445723671,530225,1072794,A
148.75501185108163,91.78400547424464,34.639695709551034,229.12115014480162,174.05030278853684,54.413857755900054,537636,1082721,A
163.53157410044793,126.12965091590836,31.315230726734445,233.24153571712696,170.3658331566191,54.41984481905276,547392,1097056,A
160.11950950243084,124.390978060883,31.466281633857893,232.1716793501116,169.93821106938907,54.97734368671919,538436,1160935,A
152.05407721725436,119.34922310646137,31.923977001930112,229.14641989789664,170.52872496033726,58.98050813371711,611289,1251549,A
149.41172672975796,116.87472769243718,31.722845014407408,226.58338774825793,167.77605534847845,57.45525900555283,618793,1230548,A
160.32553722806983,126.0186141483743,35.44729060583254,233.67631540398958,176.84158845629992,67.54780058584247,745253,1268540,A
173.2044466897491,125.67727165279811,27.476371552505228,239.65238055747645,157.9504605785388,63.46275148040546,616244,1074576,A
171.93203185084934,124.87984696873059,27.588131010865222,239.24463240670116,157.3184492886608,62.96226627240969,612585,1082780,A
170.79594498058415,124.06011147968576,27.31363034867783,238.92416863048672,157.04553322323017,63.18107651414692,626768,1106963,A
147.9967737036846,78.0525793301615,38.208002273699414,236.58930967227008,165.67355956459906,66.07305781577968,528911,908938,A
147.5950971716995,78.00413889949533,38.26583009340045,236.6841617455172,165.44395034630514,66.05909541097682,524260,912661,A
146.98608441460803,77.58546619514787,38.06816163685063,236.51008626919995,164.89385451211322,66.35151562587974,534822,929276,A
143.7490329604643,75.83621663931307,37.409897681165646,236.2446666009352,162.23817481334794,66.71233450841127,557495,960754,A
142.70794563255538,75.89178088352168,38.301989138241346,236.41519660282458,161.62992874495112,69.02502164542537,596032,994783,A
141.16763072856747,75.44453591971434,38.19028712792989,235.39148749202047,158.77760220999514,69.70376747840507,700684,1069769,A
139.1423507611139,74.41351933568542,37.68582539248787,233.71694958917135,155.43006179354356,69.68686898921071,780963,1103837,A
138.90430326662516,75.20959643379467,38.15197698590018,232.5139821342717,153.10948902981497,71.12870553804554,853308,1097425,A
145.3393088709618,80.53892498152871,40.30755667368,235.71715142513852,157.19691541141776,78.32817757053505,935206,1081563,A
144.3551854044914,103.31780102261173,33.292201875698886,225.25231117227293,185.63860763113604,54.040951993003794,811460,1488099,A
146.23428820989383,104.83347669074664,33.70944836100434,225.66976652284072,186.41447638035143,54.19911154065201,809100,1480918,A
147.0489624122524,105.10712098754819,33.53976810010973,226.09673120227103,186.85668010604056,54.668304236765856,807761,1453747,A
146.93990060888808,104.92102962232809,33.41589713102747,226.22396206600428,186.93141755746828,54.969661349895354,809340,1440829,A
146.2247749708424,104.1128053421126,33.24393984853089,226.2596637473293,186.74292032269832,54.49405425786761,812117,1434272,A
150.24716799773657,123.58776787788764,32.75041547297152,228.8789164593328,198.61438412393008,66.57752847670197,822109,1076323,A
151.03823469178997,124.49821968036491,33.00396444572545,229.1404010344571,198.74648821564486,66.76763967432655,840064,1097823,A
153.11615876393623,125.86291722538681,33.37181209298562,229.48229639756244,199.21276396770455,66.56404297658382,852298,1094425,A
153.51886921506969,126.2707826873772,33.1743245803506,229.9198679723021,199.32371134515256,66.36923078276922,867401,1109401,A
153.2729129297858,126.010323993383,33.246744130088494,229.01503026365864,198.59429882205302,65.5390535765839,890351,1151234,A
159.12270877366512,92.354351576055,36.56184939739767,232.62734500514813,176.9308862323744,72.7348540799046,1041505,905994,A
159.35332451921414,92.62772698762575,36.7545810010204,232.55708593860433,176.84880719775637,72.6946731767278,1068887,932518,A
158.84623454984072,92.27964191179983,36.65446457739599,232.4713498317512,176.36620346887437,72.95247872204754,1079277,943121,A
158.53643785960332,92.26828912579859,36.54188393818927,232.5380913561068,176.24584321717032,73.29736450358777,1099136,948441,A
158.24012052295728,92.05305431071669,36.62563479213139,232.64943289943747,175.75091113096545,73.46465519685921,1144763,977420,A
157.7948690898162,91.71608158134909,36.83851841513248,232.47167707188115,175.58278097357731,73.9417424113817,1148600,969321,A
157.0741374986035,91.35757205989303,36.82197110163244,232.4598386788568,175.43318789032958,74.11997379121586,1141701,970975,A
155.4240698435112,90.36455868619919,36.35386753248625,232.20718736080804,175.00648888666973,73.87563973993223,1134384,976422,A
153.41111311124723,89.42383390613905,36.31536524377769,231.91001843473813,174.61441618594682,74.74112573656502,1139363,997505,A
153.179111744648,89.00374453920273,36.146932221101586,231.98601424105647,174.26110267852653,74.69484799468836,1150758,993652,A
152.92863338801877,88.46957902119304,35.708979208191444,231.16908980692827,173.40706667009528,73.11544376459612,1162538,995152,A
157.52301574204841,90.90502642242555,36.309243203278186,231.5736117811739,174.05707654976254,72.61879476646872,1266878,1048917,A
158.35016806921456,90.74554021609518,36.3437615754808,231.49598163456793,173.06122436888927,72.95037777735412,1444130,1148818,A
160.57753224887423,92.08159451568658,36.82687718072087,231.57634976066203,174.2630363039167,72.5322291118909,1466601,1177330,A



